community,event_count,affected_records,unplanned_records,planned_records,first_event_date,last_event_date,days_since_last_event_at_dataset_end,unplanned_share,frequency_score,recency_score,historical_risk_score,historical_risk_band
Klaarwater,9,9,9,0,2023-02-15,2026-08-31,0,1.0,1.0,1.0,100.0,High
Shallcross,8,8,8,0,2023-07-08,2026-08-31,0,1.0,0.9955223880597015,1.0,99.77611940298507,High
Umlazi,6,6,6,0,2023-10-12,2026-08-31,0,1.0,0.9850746268656716,1.0,99.25373134328356,High
Folweni,6,6,6,0,2023-10-12,2026-08-31,0,1.0,0.9850746268656716,1.0,99.25373134328356,High
Northdene,4,4,4,0,2025-01-15,2026-08-31,0,1.0,0.9223880597014925,1.0,96.11940298507461,High
Chatsworth,4,4,4,0,2023-10-12,2026-08-31,0,1.0,0.9223880597014925,1.0,96.11940298507461,High
Malvern,4,4,4,0,2025-01-15,2026-08-31,0,1.0,0.9223880597014925,1.0,96.11940298507461,High
Queensburgh,4,4,4,0,2023-10-12,2026-07-13,49,1.0,0.9223880597014925,0.8743744388437276,92.35063615038645,High
Amanzimtoti CBD,4,4,4,0,2023-06-22,2026-06-10,82,1.0,0.9223880597014925,0.7987897300493081,90.08309488655387,High
Almond,4,4,4,0,2023-06-22,2026-06-10,82,1.0,0.9223880597014925,0.7987897300493081,90.08309488655387,High
KwaSoni,4,4,4,0,2023-06-22,2026-06-10,82,1.0,0.9223880597014925,0.7987897300493081,90.08309488655387,High
Mfume,4,4,4,0,2023-06-22,2026-06-10,82,1.0,0.9223880597014925,0.7987897300493081,90.08309488655387,High
Illovo Beach,4,4,4,0,2023-06-22,2026-06-10,82,1.0,0.9223880597014925,0.7987897300493081,90.08309488655387,High
KwaMakhutha,4,4,4,0,2023-06-22,2026-06-10,82,1.0,0.9223880597014925,0.7987897300493081,90.08309488655387,High
Mashiwase,4,4,4,0,2023-06-22,2026-06-10,82,1.0,0.9223880597014925,0.7987897300493081,90.08309488655387,High
Mkhazini,4,4,4,0,2023-06-22,2026-06-10,82,1.0,0.9223880597014925,0.7987897300493081,90.08309488655387,High
Nkwali,4,4,4,0,2023-06-22,2026-06-10,82,1.0,0.9223880597014925,0.7987897300493081,90.08309488655387,High
Doonside,4,4,4,0,2023-06-22,2026-06-10,82,1.0,0.9223880597014925,0.7987897300493081,90.08309488655387,High
Bhekulwandle,4,4,4,0,2023-06-22,2026-06-10,82,1.0,0.9223880597014925,0.7987897300493081,90.08309488655387,High
Umnini,4,4,4,0,2023-06-22,2026-06-10,82,1.0,0.9223880597014925,0.7987897300493081,90.08309488655387,High
Nsimbini,3,3,3,0,2025-01-15,2026-08-31,0,1.0,0.8014925373134328,1.0,90.07462686567165,High
Athlone Park,6,6,5,1,2023-06-22,2026-06-10,82,0.8333333333333334,0.9850746268656716,0.7987897300493081,89.88408991142948,High
Savannah Park,8,8,8,0,2023-02-15,2026-04-02,151,1.0,0.9955223880597015,0.6612001870523703,89.61212501455617,High
Luganda,6,6,6,0,2023-02-15,2026-04-02,151,1.0,0.9850746268656716,0.6612001870523703,89.08973695485469,High
Ezimbokodweni,5,5,4,1,2023-06-22,2026-06-10,82,0.8,0.9716417910447761,0.7987897300493081,88.54578145371805,High
Welbedacht West,6,6,6,0,2023-02-15,2026-03-15,169,1.0,0.9850746268656716,0.6293840107503325,88.13525166579355,High
Moseley Park,3,3,3,0,2025-01-15,2026-07-13,49,1.0,0.8014925373134328,0.8743744388437276,86.30586003098347,High
Mount Vernon,3,3,3,0,2025-01-15,2026-07-13,49,1.0,0.8014925373134328,0.8743744388437276,86.30586003098347,High
Hillary,3,3,3,0,2025-01-15,2026-07-13,49,1.0,0.8014925373134328,0.8743744388437276,86.30586003098347,High
Nagina,4,4,4,0,2023-07-08,2026-04-02,151,1.0,0.9223880597014925,0.6612001870523703,85.95540859664574,High
Umhlanga,4,4,4,0,2023-09-19,2026-03-15,169,1.0,0.9223880597014925,0.6293840107503325,85.0009233075846,High
Ntuzuma,4,4,4,0,2023-05-14,2026-03-15,169,1.0,0.9223880597014925,0.6293840107503325,85.0009233075846,High
Crossmoor,4,4,4,0,2023-07-08,2026-03-15,169,1.0,0.9223880597014925,0.6293840107503325,85.0009233075846,High
Durban North,4,4,4,0,2023-09-19,2026-03-15,169,1.0,0.9223880597014925,0.6293840107503325,85.0009233075846,High
Panorama Park,3,3,3,0,2023-06-22,2026-06-10,82,1.0,0.8014925373134328,0.7987897300493081,84.03831876715088,High
Umgababa,3,3,3,0,2023-06-22,2026-06-10,82,1.0,0.8014925373134328,0.7987897300493081,84.03831876715088,High
Woodhurst,5,5,4,1,2023-07-08,2026-03-15,169,0.8,0.9716417910447761,0.6293840107503325,83.46360987474878,High
Isiphingo Hills,4,4,3,1,2023-06-22,2026-05-15,108,0.75,0.9223880597014925,0.7438689434377121,83.435471288206,High
Isiphingo Beach,4,4,3,1,2023-06-22,2026-05-15,108,0.75,0.9223880597014925,0.7438689434377121,83.435471288206,High
Nsizwakazi,3,3,3,0,2023-02-15,2026-04-02,151,1.0,0.8014925373134328,0.6612001870523703,79.91063247724274,High
Mawelewele,3,3,3,0,2023-10-12,2026-04-02,151,1.0,0.8014925373134328,0.6612001870523703,79.91063247724274,High
Ensimbini,2,2,2,0,2026-04-02,2026-07-31,31,1.0,0.6313432835820896,0.9185751983563217,79.12442012979413,High
Risecliff,3,3,3,0,2023-07-08,2026-03-15,169,1.0,0.8014925373134328,0.6293840107503325,78.95614718818163,High
Phoenix,3,3,3,0,2023-10-12,2026-03-15,169,1.0,0.8014925373134328,0.6293840107503325,78.95614718818163,High
Arena Park,3,3,3,0,2023-07-08,2026-03-15,169,1.0,0.8014925373134328,0.6293840107503325,78.95614718818163,High
La Lucia,3,3,3,0,2023-09-19,2026-03-15,169,1.0,0.8014925373134328,0.6293840107503325,78.95614718818163,High
Moorton,3,3,3,0,2023-07-08,2026-03-15,169,1.0,0.8014925373134328,0.6293840107503325,78.95614718818163,High
Welbedacht East,3,3,3,0,2023-07-08,2026-03-15,169,1.0,0.8014925373134328,0.6293840107503325,78.95614718818163,High
KwaMashu,3,3,3,0,2023-10-12,2026-03-15,169,1.0,0.8014925373134328,0.6293840107503325,78.95614718818163,High
Montford,3,3,3,0,2023-07-08,2026-03-15,169,1.0,0.8014925373134328,0.6293840107503325,78.95614718818163,High
Inteke,3,3,3,0,2023-02-15,2026-03-15,169,1.0,0.8014925373134328,0.6293840107503325,78.95614718818163,High
Prospecton Industrial,4,4,2,2,2023-06-22,2026-05-15,108,0.5,0.9223880597014925,0.7438689434377121,78.43547128820599,High
Queensmead Industrial,2,2,2,0,2025-01-15,2026-07-13,49,1.0,0.6313432835820896,0.8743744388437276,77.79839734441629,High
Kingsway Hospital,3,3,2,1,2025-12-01,2026-06-10,82,0.6666666666666666,0.8014925373134328,0.7987897300493081,77.37165210048421,High
Isiphingo Rail,3,3,2,1,2023-06-22,2026-05-15,108,0.6666666666666666,0.8014925373134328,0.7438689434377121,75.72402850213633,High
Ekuhlengeni Psychiatric Hospital,2,2,2,0,2024-12-12,2026-06-10,82,1.0,0.6313432835820896,0.7987897300493081,75.53085608058372,High
Lewis Drive,2,2,2,0,2024-12-12,2026-06-10,82,1.0,0.6313432835820896,0.7987897300493081,75.53085608058372,High
Lower Illovo,2,2,2,0,2024-12-12,2026-06-10,82,1.0,0.6313432835820896,0.7987897300493081,75.53085608058372,High
Ehlanzeni,5,5,5,0,2023-06-22,2025-01-15,593,1.0,0.9716417910447761,0.19697912225789477,74.49146321997564,High
Springfield,3,3,2,1,2024-02-15,2026-03-15,169,0.6666666666666666,0.8014925373134328,0.6293840107503325,72.28948052151495,High
Inanda,3,3,2,1,2023-10-12,2026-03-15,169,0.6666666666666666,0.8014925373134328,0.6293840107503325,72.28948052151495,High
Adams Mission,4,4,4,0,2023-05-14,2024-12-12,627,1.0,0.9223880597014925,0.17945905208296484,71.50317454756356,High
Coedmore,3,3,2,1,2025-01-15,2026-02-06,206,0.6666666666666666,0.8014925373134328,0.568710613761671,70.4692786118551,High
Westmead,2,2,2,0,2023-05-14,2026-03-15,169,1.0,0.6313432835820896,0.6293840107503325,70.44868450161445,High
Mountview,2,2,2,0,2024-08-25,2026-03-15,169,1.0,0.6313432835820896,0.6293840107503325,70.44868450161445,High
Pinetown,2,2,2,0,2023-10-12,2026-03-15,169,1.0,0.6313432835820896,0.6293840107503325,70.44868450161445,High
Effingham,2,2,2,0,2023-09-19,2026-03-15,169,1.0,0.6313432835820896,0.6293840107503325,70.44868450161445,High
Mzinyathi,2,2,2,0,2023-05-14,2026-03-15,169,1.0,0.6313432835820896,0.6293840107503325,70.44868450161445,High
KwaSanti,2,2,2,0,2023-10-12,2026-03-15,169,1.0,0.6313432835820896,0.6293840107503325,70.44868450161445,High
Buffelsdraai,2,2,2,0,2023-07-31,2026-03-15,169,1.0,0.6313432835820896,0.6293840107503325,70.44868450161445,High
Beachway,2,2,2,0,2023-09-19,2026-03-15,169,1.0,0.6313432835820896,0.6293840107503325,70.44868450161445,High
Westville,2,2,2,0,2023-10-12,2026-03-15,169,1.0,0.6313432835820896,0.6293840107503325,70.44868450161445,High
Amaoti,2,2,2,0,2023-05-14,2026-03-15,169,1.0,0.6313432835820896,0.6293840107503325,70.44868450161445,High
Etafuleni,2,2,2,0,2023-05-14,2026-03-15,169,1.0,0.6313432835820896,0.6293840107503325,70.44868450161445,High
KwaDabeka,2,2,2,0,2023-02-15,2026-03-15,169,1.0,0.6313432835820896,0.6293840107503325,70.44868450161445,High
Glenashley,2,2,2,0,2023-09-19,2026-03-15,169,1.0,0.6313432835820896,0.6293840107503325,70.44868450161445,High
Golokodo,2,2,2,0,2025-01-15,2026-03-15,169,1.0,0.6313432835820896,0.6293840107503325,70.44868450161445,High
Oaklands,2,2,2,0,2023-07-31,2026-03-15,169,1.0,0.6313432835820896,0.6293840107503325,70.44868450161445,High
Bayview,3,3,2,1,2024-06-06,2026-01-25,218,0.6666666666666666,0.8014925373134328,0.5503172912170365,69.91747893551606,High
Havenside,3,3,2,1,2024-06-06,2026-01-25,218,0.6666666666666666,0.8014925373134328,0.5503172912170365,69.91747893551606,High
Chesterville,2,2,2,0,2023-10-12,2026-02-06,206,1.0,0.6313432835820896,0.568710613761671,68.62848259195461,High
Umlazi T,4,4,3,1,2023-06-22,2024-12-12,627,0.75,0.9223880597014925,0.17945905208296484,66.50317454756357,High
Umlazi Mission A,4,4,3,1,2023-06-22,2024-12-12,627,0.75,0.9223880597014925,0.17945905208296484,66.50317454756357,High
Orient Hills,4,4,3,1,2023-06-22,2024-12-12,627,0.75,0.9223880597014925,0.17945905208296484,66.50317454756357,High
Malukazi,4,4,3,1,2023-06-22,2024-12-12,627,0.75,0.9223880597014925,0.17945905208296484,66.50317454756357,High
Burlington Heights,3,3,3,0,2023-07-08,2025-01-15,593,1.0,0.8014925373134328,0.19697912225789477,65.98400053340849,High
Westcliff,3,3,3,0,2023-07-08,2025-01-15,593,1.0,0.8014925373134328,0.19697912225789477,65.98400053340849,High
St Wendolins Ridge,3,3,3,0,2023-07-08,2025-01-15,593,1.0,0.8014925373134328,0.19697912225789477,65.98400053340849,High
Chatsworth Town Centre,3,3,3,0,2023-07-08,2025-01-15,593,1.0,0.8014925373134328,0.19697912225789477,65.98400053340849,High
Buffels Bosch,3,3,3,0,2023-07-08,2025-01-15,593,1.0,0.8014925373134328,0.19697912225789477,65.98400053340849,High
Umlazi V,5,5,3,2,2023-06-22,2024-12-12,627,0.6,0.9716417910447761,0.17945905208296484,65.96586111472776,High
eKuphileni,3,3,3,0,2023-06-22,2024-12-12,627,1.0,0.8014925373134328,0.17945905208296484,65.45839842816059,High
Crowder Farm,3,3,3,0,2023-06-22,2024-12-12,627,1.0,0.8014925373134328,0.17945905208296484,65.45839842816059,High
Thoyane,3,3,3,0,2023-06-22,2024-12-12,627,1.0,0.8014925373134328,0.17945905208296484,65.45839842816059,High
Craigeburn,3,3,3,0,2023-06-22,2024-12-12,627,1.0,0.8014925373134328,0.17945905208296484,65.45839842816059,High
Ohlongeni,3,3,3,0,2023-06-22,2024-12-12,627,1.0,0.8014925373134328,0.17945905208296484,65.45839842816059,High
Amahlongwa,3,3,3,0,2023-06-22,2024-12-12,627,1.0,0.8014925373134328,0.17945905208296484,65.45839842816059,High
Mgobhozini,3,3,3,0,2023-06-22,2024-12-12,627,1.0,0.8014925373134328,0.17945905208296484,65.45839842816059,High
Mahlathini,3,3,3,0,2023-06-22,2024-12-12,627,1.0,0.8014925373134328,0.17945905208296484,65.45839842816059,High
Umkhomazi,3,3,3,0,2023-06-22,2024-12-12,627,1.0,0.8014925373134328,0.17945905208296484,65.45839842816059,High
Amalundi,3,3,3,0,2023-06-22,2024-12-12,627,1.0,0.8014925373134328,0.17945905208296484,65.45839842816059,High
Umlazi U,3,3,3,0,2023-06-22,2024-12-12,627,1.0,0.8014925373134328,0.17945905208296484,65.45839842816059,High
Lovu,3,3,3,0,2023-06-22,2024-12-12,627,1.0,0.8014925373134328,0.17945905208296484,65.45839842816059,High
KwaFakazi,3,3,3,0,2023-06-22,2024-12-12,627,1.0,0.8014925373134328,0.17945905208296484,65.45839842816059,High
Kingsburgh,3,3,3,0,2023-06-22,2024-12-12,627,1.0,0.8014925373134328,0.17945905208296484,65.45839842816059,High
Magabheni,3,3,3,0,2023-06-22,2024-12-12,627,1.0,0.8014925373134328,0.17945905208296484,65.45839842816059,High
KwaMgendwa,3,3,3,0,2023-06-22,2024-12-12,627,1.0,0.8014925373134328,0.17945905208296484,65.45839842816059,High
Demat,3,3,3,0,2023-02-15,2024-10-22,678,1.0,0.8014925373134328,0.15605695431877936,64.75633549523504,High
Arbour Crossing,2,2,1,1,2025-12-01,2026-05-15,108,0.5,0.6313432835820896,0.7438689434377121,63.88323248223584,High
Galleria Mall,2,2,1,1,2025-12-01,2026-05-15,108,0.5,0.6313432835820896,0.7438689434377121,63.88323248223584,High
Westridge,3,3,1,2,2024-02-15,2026-02-06,206,0.3333333333333333,0.8014925373134328,0.568710613761671,63.80261194518844,High
Morningside,3,3,1,2,2024-02-15,2026-02-06,206,0.3333333333333333,0.8014925373134328,0.568710613761671,63.80261194518844,High
Woodlands,3,3,1,2,2024-04-15,2026-01-25,218,0.3333333333333333,0.8014925373134328,0.5503172912170365,63.2508122688494,Medium
Farningham Ridge,1,1,1,0,2026-07-13,2026-07-13,49,1.0,0.2701492537313433,0.8743744388437276,59.73869585187899,Medium
Nirvana Hills,1,1,1,0,2026-07-13,2026-07-13,49,1.0,0.2701492537313433,0.8743744388437276,59.73869585187899,Medium
Lotus Park,3,3,2,1,2023-06-22,2024-12-12,627,0.6666666666666666,0.8014925373134328,0.17945905208296484,58.791731761493914,Medium
Malagazi,3,3,2,1,2023-06-22,2024-12-12,627,0.6666666666666666,0.8014925373134328,0.17945905208296484,58.791731761493914,Medium
Reunion,3,3,2,1,2023-06-22,2024-12-12,627,0.6666666666666666,0.8014925373134328,0.17945905208296484,58.791731761493914,Medium
Essenwood,2,2,1,1,2024-04-15,2026-02-06,206,0.5,0.6313432835820896,0.568710613761671,58.62848259195461,Medium
Musgrave,2,2,1,1,2024-02-15,2026-02-06,206,0.5,0.6313432835820896,0.568710613761671,58.62848259195461,Medium
Sparks,2,2,1,1,2024-02-15,2026-02-06,206,0.5,0.6313432835820896,0.568710613761671,58.62848259195461,Medium
Clare Hills,2,2,1,1,2024-02-15,2026-02-06,206,0.5,0.6313432835820896,0.568710613761671,58.62848259195461,Medium
Clare Estate,2,2,1,1,2024-02-15,2026-02-06,206,0.5,0.6313432835820896,0.568710613761671,58.62848259195461,Medium
Wiggins,2,2,1,1,2024-02-15,2026-02-06,206,0.5,0.6313432835820896,0.568710613761671,58.62848259195461,Medium
Sydenham,2,2,1,1,2024-02-15,2026-02-06,206,0.5,0.6313432835820896,0.568710613761671,58.62848259195461,Medium
Garden Park,2,2,1,1,2024-02-15,2026-02-06,206,0.5,0.6313432835820896,0.568710613761671,58.62848259195461,Medium
Palmiet,2,2,1,1,2024-02-15,2026-02-06,206,0.5,0.6313432835820896,0.568710613761671,58.62848259195461,Medium
Sherwood,2,2,1,1,2024-02-15,2026-02-06,206,0.5,0.6313432835820896,0.568710613761671,58.62848259195461,Medium
Waterval Park,2,2,1,1,2024-02-15,2026-02-06,206,0.5,0.6313432835820896,0.568710613761671,58.62848259195461,Medium
Bonela,2,2,1,1,2024-02-15,2026-02-06,206,0.5,0.6313432835820896,0.568710613761671,58.62848259195461,Medium
Briardene,2,2,1,1,2024-02-15,2026-02-06,206,0.5,0.6313432835820896,0.568710613761671,58.62848259195461,Medium
Yellowwood Park,2,2,1,1,2025-01-15,2026-01-25,218,0.5,0.6313432835820896,0.5503172912170365,58.07668291561557,Medium
Phumphele,2,2,1,1,2023-07-08,2026-01-25,218,0.5,0.6313432835820896,0.5503172912170365,58.07668291561557,Medium
Kharwastan,2,2,2,0,2024-06-06,2025-01-15,593,1.0,0.6313432835820896,0.19697912225789477,57.476537846841325,Medium
Kwamgaga,2,2,2,0,2023-07-08,2025-01-15,593,1.0,0.6313432835820896,0.19697912225789477,57.476537846841325,Medium
Mariann Industrial Park,2,2,2,0,2023-07-08,2025-01-15,593,1.0,0.6313432835820896,0.19697912225789477,57.476537846841325,Medium
Ezihyathini,2,2,2,0,2023-07-08,2025-01-15,593,1.0,0.6313432835820896,0.19697912225789477,57.476537846841325,Medium
Silverglen,2,2,2,0,2024-06-06,2025-01-15,593,1.0,0.6313432835820896,0.19697912225789477,57.476537846841325,Medium
Croftdene,2,2,2,0,2024-06-06,2025-01-15,593,1.0,0.6313432835820896,0.19697912225789477,57.476537846841325,Medium
Umhlatuzana,2,2,2,0,2024-06-06,2025-01-15,593,1.0,0.6313432835820896,0.19697912225789477,57.476537846841325,Medium
Bulbul,2,2,2,0,2024-06-06,2025-01-15,593,1.0,0.6313432835820896,0.19697912225789477,57.476537846841325,Medium
Warner Beach,1,1,1,0,2026-06-10,2026-06-10,82,1.0,0.2701492537313433,0.7987897300493081,57.47115458804642,Medium
Isolempilo,1,1,1,0,2026-06-10,2026-06-10,82,1.0,0.2701492537313433,0.7987897300493081,57.47115458804642,Medium
Launceston,1,1,1,0,2026-06-10,2026-06-10,82,1.0,0.2701492537313433,0.7987897300493081,57.47115458804642,Medium
Lovu B,1,1,1,0,2026-06-10,2026-06-10,82,1.0,0.2701492537313433,0.7987897300493081,57.47115458804642,Medium
Inkwali,1,1,1,0,2026-06-10,2026-06-10,82,1.0,0.2701492537313433,0.7987897300493081,57.47115458804642,Medium
Lovu Landfill,1,1,1,0,2026-06-10,2026-06-10,82,1.0,0.2701492537313433,0.7987897300493081,57.47115458804642,Medium
Area Africa,1,1,1,0,2026-06-10,2026-06-10,82,1.0,0.2701492537313433,0.7987897300493081,57.47115458804642,Medium
Illovo Glen,1,1,1,0,2026-06-10,2026-06-10,82,1.0,0.2701492537313433,0.7987897300493081,57.47115458804642,Medium
Lovu Phase 3,1,1,1,0,2026-06-10,2026-06-10,82,1.0,0.2701492537313433,0.7987897300493081,57.47115458804642,Medium
eMasomini,1,1,1,0,2026-06-10,2026-06-10,82,1.0,0.2701492537313433,0.7987897300493081,57.47115458804642,Medium
Msarhweni,1,1,1,0,2026-06-10,2026-06-10,82,1.0,0.2701492537313433,0.7987897300493081,57.47115458804642,Medium
Winklespruit,1,1,1,0,2026-06-10,2026-06-10,82,1.0,0.2701492537313433,0.7987897300493081,57.47115458804642,Medium
Lovu Phase 1,1,1,1,0,2026-06-10,2026-06-10,82,1.0,0.2701492537313433,0.7987897300493081,57.47115458804642,Medium
Lovu C,1,1,1,0,2026-06-10,2026-06-10,82,1.0,0.2701492537313433,0.7987897300493081,57.47115458804642,Medium
Lovu A,1,1,1,0,2026-06-10,2026-06-10,82,1.0,0.2701492537313433,0.7987897300493081,57.47115458804642,Medium
Khoseleni,2,2,2,0,2023-02-15,2024-10-22,678,1.0,0.6313432835820896,0.15605695431877936,56.24887280866786,Medium
Fig Road,2,2,2,0,2023-02-15,2024-10-22,678,1.0,0.6313432835820896,0.15605695431877936,56.24887280866786,Medium
Intake Emasayithini,2,2,2,0,2023-02-15,2024-10-22,678,1.0,0.6313432835820896,0.15605695431877936,56.24887280866786,Medium
Progress Road,2,2,2,0,2023-02-15,2024-10-22,678,1.0,0.6313432835820896,0.15605695431877936,56.24887280866786,Medium
Hlanganisisa Road,2,2,2,0,2023-02-15,2024-10-22,678,1.0,0.6313432835820896,0.15605695431877936,56.24887280866786,Medium
Mariannridge,2,2,2,0,2023-02-15,2024-10-22,678,1.0,0.6313432835820896,0.15605695431877936,56.24887280866786,Medium
Virginia,2,2,2,0,2023-09-22,2024-08-25,736,1.0,0.6313432835820896,0.13312877898702033,55.56102754871509,Medium
Umlazi Y,2,2,2,0,2023-06-22,2024-05-27,826,1.0,0.6313432835820896,0.10403647724147305,54.688258496348666,Medium
Glen Anil,2,2,2,0,2023-09-19,2023-09-22,1074,1.0,0.6313432835820896,0.052735535464885644,53.14923024305105,Medium
Parkhill,2,2,2,0,2023-09-19,2023-09-22,1074,1.0,0.6313432835820896,0.052735535464885644,53.14923024305105,Medium
Umgeni Park,2,2,2,0,2023-09-19,2023-09-22,1074,1.0,0.6313432835820896,0.052735535464885644,53.14923024305105,Medium
Shongweni,2,2,2,0,2023-05-14,2023-07-26,1132,1.0,0.6313432835820896,0.044987533406078375,52.916790181286835,Medium
Cliffdale,2,2,2,0,2023-05-14,2023-07-26,1132,1.0,0.6313432835820896,0.044987533406078375,52.916790181286835,Medium
Avoca,1,1,1,0,2026-03-15,2026-03-15,169,1.0,0.2701492537313433,0.6293840107503325,52.38898300907714,Medium
Berkshire Downs,1,1,1,0,2026-03-15,2026-03-15,169,1.0,0.2701492537313433,0.6293840107503325,52.38898300907714,Medium
Clermont,1,1,1,0,2026-03-15,2026-03-15,169,1.0,0.2701492537313433,0.6293840107503325,52.38898300907714,Medium
Cowies Hill,1,1,1,0,2026-03-15,2026-03-15,169,1.0,0.2701492537313433,0.6293840107503325,52.38898300907714,Medium
Sarnia,1,1,1,0,2026-03-15,2026-03-15,169,1.0,0.2701492537313433,0.6293840107503325,52.38898300907714,Medium
Sea Cow Lake,1,1,1,0,2026-03-15,2026-03-15,169,1.0,0.2701492537313433,0.6293840107503325,52.38898300907714,Medium
Mount Edgecombe,1,1,1,0,2026-03-15,2026-03-15,169,1.0,0.2701492537313433,0.6293840107503325,52.38898300907714,Medium
Mount Moriah,1,1,1,0,2026-03-15,2026-03-15,169,1.0,0.2701492537313433,0.6293840107503325,52.38898300907714,Medium
Newlands,1,1,1,0,2026-03-15,2026-03-15,169,1.0,0.2701492537313433,0.6293840107503325,52.38898300907714,Medium
Gateway,1,1,1,0,2026-03-15,2026-03-15,169,1.0,0.2701492537313433,0.6293840107503325,52.38898300907714,Medium
Parkgate,1,1,1,0,2026-03-15,2026-03-15,169,1.0,0.2701492537313433,0.6293840107503325,52.38898300907714,Medium
Nazareth,1,1,1,0,2026-03-15,2026-03-15,169,1.0,0.2701492537313433,0.6293840107503325,52.38898300907714,Medium
Dawncliffe,1,1,1,0,2026-03-15,2026-03-15,169,1.0,0.2701492537313433,0.6293840107503325,52.38898300907714,Medium
New Germany Industrial,1,1,1,0,2026-03-15,2026-03-15,169,1.0,0.2701492537313433,0.6293840107503325,52.38898300907714,Medium
Aloes,1,1,1,0,2026-03-15,2026-03-15,169,1.0,0.2701492537313433,0.6293840107503325,52.38898300907714,Medium
Trenance,1,1,1,0,2026-03-15,2026-03-15,169,1.0,0.2701492537313433,0.6293840107503325,52.38898300907714,Medium
Bellair,1,1,1,0,2026-02-06,2026-02-06,206,1.0,0.2701492537313433,0.568710613761671,50.56878109941729,Medium
Umkhumbane,1,1,1,0,2026-02-06,2026-02-06,206,1.0,0.2701492537313433,0.568710613761671,50.56878109941729,Medium
Blackhurst,1,1,1,0,2026-02-06,2026-02-06,206,1.0,0.2701492537313433,0.568710613761671,50.56878109941729,Medium
Ridgeview,1,1,1,0,2026-02-06,2026-02-06,206,1.0,0.2701492537313433,0.568710613761671,50.56878109941729,Medium
Springfield Flats,1,1,1,0,2026-02-06,2026-02-06,206,1.0,0.2701492537313433,0.568710613761671,50.56878109941729,Medium
Sea View,1,1,1,0,2026-02-06,2026-02-06,206,1.0,0.2701492537313433,0.568710613761671,50.56878109941729,Medium
Cato Manor,1,1,1,0,2026-02-06,2026-02-06,206,1.0,0.2701492537313433,0.568710613761671,50.56878109941729,Medium
Richmond Farm,2,2,1,1,2023-10-12,2025-05-06,482,0.5,0.6313432835820896,0.26698896655347903,49.57683317570884,Medium
Mobeni Heights,2,2,1,1,2024-04-15,2025-01-15,593,0.5,0.6313432835820896,0.19697912225789477,47.476537846841325,Medium
Malaba Hills,2,2,1,1,2024-10-01,2024-12-12,627,0.5,0.6313432835820896,0.17945905208296484,46.950935741593426,Medium
Memorial Park,1,1,1,0,2025-01-15,2025-01-15,593,1.0,0.2701492537313433,0.19697912225789477,39.41683635430401,Medium
Illovo,1,1,1,0,2024-12-12,2024-12-12,627,1.0,0.2701492537313433,0.17945905208296484,38.89123424905611,Medium
Amagcino,1,1,1,0,2024-12-12,2024-12-12,627,1.0,0.2701492537313433,0.17945905208296484,38.89123424905611,Medium
Quarry Heights,1,1,1,0,2024-12-12,2024-12-12,627,1.0,0.2701492537313433,0.17945905208296484,38.89123424905611,Medium
Garden Lots,1,1,1,0,2024-12-12,2024-12-12,627,1.0,0.2701492537313433,0.17945905208296484,38.89123424905611,Medium
Panorama,1,1,1,0,2024-12-12,2024-12-12,627,1.0,0.2701492537313433,0.17945905208296484,38.89123424905611,Medium
Old Durban Airport,1,1,1,0,2024-12-12,2024-12-12,627,1.0,0.2701492537313433,0.17945905208296484,38.89123424905611,Medium
Mbongotwini,1,1,1,0,2024-12-12,2024-12-12,627,1.0,0.2701492537313433,0.17945905208296484,38.89123424905611,Medium
Scottburgh,1,1,1,0,2024-12-12,2024-12-12,627,1.0,0.2701492537313433,0.17945905208296484,38.89123424905611,Medium
Southgate Industrial Park,1,1,1,0,2024-12-12,2024-12-12,627,1.0,0.2701492537313433,0.17945905208296484,38.89123424905611,Medium
KwaKhanyile,1,1,1,0,2024-12-12,2024-12-12,627,1.0,0.2701492537313433,0.17945905208296484,38.89123424905611,Medium
Jacobs,1,1,1,0,2024-12-12,2024-12-12,627,1.0,0.2701492537313433,0.17945905208296484,38.89123424905611,Medium
Cornubia,1,1,1,0,2024-08-25,2024-08-25,736,1.0,0.2701492537313433,0.13312877898702033,37.501326056177774,Medium
Ghandi Hill,1,1,1,0,2024-07-24,2024-07-24,768,1.0,0.2701492537313433,0.12195421530863895,37.166089145826334,Low
Raj Kumar's Farm,1,1,1,0,2024-07-24,2024-07-24,768,1.0,0.2701492537313433,0.12195421530863895,37.166089145826334,Low
Flamingo Heights,1,1,1,0,2024-07-24,2024-07-24,768,1.0,0.2701492537313433,0.12195421530863895,37.166089145826334,Low
Trurolands,1,1,1,0,2024-07-24,2024-07-24,768,1.0,0.2701492537313433,0.12195421530863895,37.166089145826334,Low
Tongaat CBD,1,1,1,0,2024-07-24,2024-07-24,768,1.0,0.2701492537313433,0.12195421530863895,37.166089145826334,Low
Tongaat Central,1,1,1,0,2024-07-24,2024-07-24,768,1.0,0.2701492537313433,0.12195421530863895,37.166089145826334,Low
Chelmsford Heights,1,1,1,0,2024-07-24,2024-07-24,768,1.0,0.2701492537313433,0.12195421530863895,37.166089145826334,Low
Plein Street,1,1,1,0,2024-07-24,2024-07-24,768,1.0,0.2701492537313433,0.12195421530863895,37.166089145826334,Low
Buffelsdale,1,1,1,0,2024-07-24,2024-07-24,768,1.0,0.2701492537313433,0.12195421530863895,37.166089145826334,Low
Belvedere Area,1,1,1,0,2024-07-24,2024-07-24,768,1.0,0.2701492537313433,0.12195421530863895,37.166089145826334,Low
Belgate Township,1,1,1,0,2024-07-24,2024-07-24,768,1.0,0.2701492537313433,0.12195421530863895,37.166089145826334,Low
Watsonia,1,1,1,0,2024-07-24,2024-07-24,768,1.0,0.2701492537313433,0.12195421530863895,37.166089145826334,Low
Wastonia,1,1,1,0,2024-07-24,2024-07-24,768,1.0,0.2701492537313433,0.12195421530863895,37.166089145826334,Low
Brake Village,1,1,1,0,2024-07-24,2024-07-24,768,1.0,0.2701492537313433,0.12195421530863895,37.166089145826334,Low
Watson Highway,1,1,1,0,2024-07-24,2024-07-24,768,1.0,0.2701492537313433,0.12195421530863895,37.166089145826334,Low
Mithanager,1,1,1,0,2024-07-24,2024-07-24,768,1.0,0.2701492537313433,0.12195421530863895,37.166089145826334,Low
Metcalf,1,1,1,0,2024-07-24,2024-07-24,768,1.0,0.2701492537313433,0.12195421530863895,37.166089145826334,Low
Ghandinagar,1,1,1,0,2024-07-24,2024-07-24,768,1.0,0.2701492537313433,0.12195421530863895,37.166089145826334,Low
Gwalas Farm,1,1,1,0,2024-07-24,2024-07-24,768,1.0,0.2701492537313433,0.12195421530863895,37.166089145826334,Low
Verulam,1,1,1,0,2023-10-12,2023-10-12,1054,1.0,0.2701492537313433,0.05570578748454301,35.17863631110345,Low
Redcliffe,1,1,1,0,2023-10-12,2023-10-12,1054,1.0,0.2701492537313433,0.05570578748454301,35.17863631110345,Low
St Wendolins,1,1,1,0,2023-10-12,2023-10-12,1054,1.0,0.2701492537313433,0.05570578748454301,35.17863631110345,Low
Washington Heights,1,1,1,0,2023-10-12,2023-10-12,1054,1.0,0.2701492537313433,0.05570578748454301,35.17863631110345,Low
Umhlanga Rocks,1,1,1,0,2023-09-22,2023-09-22,1074,1.0,0.2701492537313433,0.052735535464885644,35.08952875051373,Low
Broadway,1,1,1,0,2023-09-22,2023-09-22,1074,1.0,0.2701492537313433,0.052735535464885644,35.08952875051373,Low
Prestondale,1,1,1,0,2023-09-22,2023-09-22,1074,1.0,0.2701492537313433,0.052735535464885644,35.08952875051373,Low
Somerset Park,1,1,1,0,2023-09-19,2023-09-19,1077,1.0,0.2701492537313433,0.05230386910906029,35.076578759838974,Low
Glen Hill,1,1,1,0,2023-09-19,2023-09-19,1077,1.0,0.2701492537313433,0.05230386910906029,35.076578759838974,Low
Redhill,1,1,1,0,2023-09-19,2023-09-19,1077,1.0,0.2701492537313433,0.05230386910906029,35.076578759838974,Low
Riverside,1,1,1,0,2023-09-19,2023-09-19,1077,1.0,0.2701492537313433,0.05230386910906029,35.076578759838974,Low
Sunningdale,1,1,1,0,2023-09-19,2023-09-19,1077,1.0,0.2701492537313433,0.05230386910906029,35.076578759838974,Low
Blackburn Road,1,1,1,0,2023-09-19,2023-09-19,1077,1.0,0.2701492537313433,0.05230386910906029,35.076578759838974,Low
Umhlanga CBD,1,1,1,0,2023-09-19,2023-09-19,1077,1.0,0.2701492537313433,0.05230386910906029,35.076578759838974,Low
Japanese Gardens,1,1,1,0,2023-09-19,2023-09-19,1077,1.0,0.2701492537313433,0.05230386910906029,35.076578759838974,Low
Athlone,1,1,1,0,2023-09-19,2023-09-19,1077,1.0,0.2701492537313433,0.05230386910906029,35.076578759838974,Low
La Lucia Ridge,1,1,1,0,2023-09-19,2023-09-19,1077,1.0,0.2701492537313433,0.05230386910906029,35.076578759838974,Low
La Lucia Mall,1,1,1,0,2023-09-19,2023-09-19,1077,1.0,0.2701492537313433,0.05230386910906029,35.076578759838974,Low
Umhlanga Rocks Drive,1,1,1,0,2023-09-19,2023-09-19,1077,1.0,0.2701492537313433,0.05230386910906029,35.076578759838974,Low
Canelands,1,1,1,0,2023-07-31,2023-07-31,1127,1.0,0.2701492537313433,0.045608041338021904,34.87570392670782,Low
Riyadh,1,1,1,0,2023-07-31,2023-07-31,1127,1.0,0.2701492537313433,0.045608041338021904,34.87570392670782,Low
Redcliffe Township,1,1,1,0,2023-07-31,2023-07-31,1127,1.0,0.2701492537313433,0.045608041338021904,34.87570392670782,Low
Redcliffe Rural and Informal Housing Development,1,1,1,0,2023-07-31,2023-07-31,1127,1.0,0.2701492537313433,0.045608041338021904,34.87570392670782,Low
Oakford Holding Tank,1,1,1,0,2023-07-31,2023-07-31,1127,1.0,0.2701492537313433,0.045608041338021904,34.87570392670782,Low
Everest Heights Informal Housing,1,1,1,0,2023-07-31,2023-07-31,1127,1.0,0.2701492537313433,0.045608041338021904,34.87570392670782,Low
Everest Heights,1,1,1,0,2023-07-31,2023-07-31,1127,1.0,0.2701492537313433,0.045608041338021904,34.87570392670782,Low
Umdloti Heights,1,1,1,0,2023-07-31,2023-07-31,1127,1.0,0.2701492537313433,0.045608041338021904,34.87570392670782,Low
Sunkist Drive,1,1,1,0,2023-07-31,2023-07-31,1127,1.0,0.2701492537313433,0.045608041338021904,34.87570392670782,Low
Verulam CBD,1,1,1,0,2023-07-31,2023-07-31,1127,1.0,0.2701492537313433,0.045608041338021904,34.87570392670782,Low
Inca Drive,1,1,1,0,2023-07-31,2023-07-31,1127,1.0,0.2701492537313433,0.045608041338021904,34.87570392670782,Low
Lotusville,1,1,1,0,2023-07-31,2023-07-31,1127,1.0,0.2701492537313433,0.045608041338021904,34.87570392670782,Low
Buffelsdraai Road,1,1,1,0,2023-07-31,2023-07-31,1127,1.0,0.2701492537313433,0.045608041338021904,34.87570392670782,Low
Grange Area,1,1,1,0,2023-07-31,2023-07-31,1127,1.0,0.2701492537313433,0.045608041338021904,34.87570392670782,Low
Temple Valley,1,1,1,0,2023-07-31,2023-07-31,1127,1.0,0.2701492537313433,0.045608041338021904,34.87570392670782,Low
Alverstone,1,1,1,0,2023-07-26,2023-07-26,1132,1.0,0.2701492537313433,0.044987533406078375,34.85708868874951,Low
Summerveld,1,1,1,0,2023-07-26,2023-07-26,1132,1.0,0.2701492537313433,0.044987533406078375,34.85708868874951,Low
Nsiswakazi,1,1,1,0,2023-07-08,2023-07-08,1150,1.0,0.2701492537313433,0.04282278614455312,34.79214627090376,Low
Umshinini,1,1,1,0,2023-07-08,2023-07-08,1150,1.0,0.2701492537313433,0.04282278614455312,34.79214627090376,Low
Marianheights,1,1,1,0,2023-07-08,2023-07-08,1150,1.0,0.2701492537313433,0.04282278614455312,34.79214627090376,Low
Pineview,1,1,1,0,2023-07-08,2023-07-08,1150,1.0,0.2701492537313433,0.04282278614455312,34.79214627090376,Low
Sithundu Hills,1,1,1,0,2023-07-08,2023-07-08,1150,1.0,0.2701492537313433,0.04282278614455312,34.79214627090376,Low
Regency Park,1,1,1,0,2023-07-08,2023-07-08,1150,1.0,0.2701492537313433,0.04282278614455312,34.79214627090376,Low
Malabar Hills,1,1,1,0,2023-06-22,2023-06-22,1166,1.0,0.2701492537313433,0.04098617157018001,34.73704783367256,Low
KwaNdengezi Pitoli,1,1,1,0,2023-05-14,2023-05-14,1205,1.0,0.2701492537313433,0.036832677104679426,34.61244299970755,Low
Tshelimnyama,1,1,1,0,2023-05-14,2023-05-14,1205,1.0,0.2701492537313433,0.036832677104679426,34.61244299970755,Low
Umbumbulu,1,1,1,0,2023-05-14,2023-05-14,1205,1.0,0.2701492537313433,0.036832677104679426,34.61244299970755,Low
Drummond,1,1,1,0,2023-05-14,2023-05-14,1205,1.0,0.2701492537313433,0.036832677104679426,34.61244299970755,Low
Dassenhoek,1,1,1,0,2023-05-14,2023-05-14,1205,1.0,0.2701492537313433,0.036832677104679426,34.61244299970755,Low
Coffee Farm,1,1,1,0,2023-05-14,2023-05-14,1205,1.0,0.2701492537313433,0.036832677104679426,34.61244299970755,Low
Cato Ridge,1,1,1,0,2023-05-14,2023-05-14,1205,1.0,0.2701492537313433,0.036832677104679426,34.61244299970755,Low
Crestholme,1,1,1,0,2023-05-14,2023-05-14,1205,1.0,0.2701492537313433,0.036832677104679426,34.61244299970755,Low
Embo,1,1,1,0,2023-05-14,2023-05-14,1205,1.0,0.2701492537313433,0.036832677104679426,34.61244299970755,Low
Zwelibomvu,1,1,1,0,2023-05-14,2023-05-14,1205,1.0,0.2701492537313433,0.036832677104679426,34.61244299970755,Low
Skhelekehleni,1,1,1,0,2023-05-14,2023-05-14,1205,1.0,0.2701492537313433,0.036832677104679426,34.61244299970755,Low
Salem,1,1,1,0,2023-05-14,2023-05-14,1205,1.0,0.2701492537313433,0.036832677104679426,34.61244299970755,Low
Mpumalanga,1,1,1,0,2023-05-14,2023-05-14,1205,1.0,0.2701492537313433,0.036832677104679426,34.61244299970755,Low
Hammersdale,1,1,1,0,2023-05-14,2023-05-14,1205,1.0,0.2701492537313433,0.036832677104679426,34.61244299970755,Low
Isithumba,1,1,1,0,2023-05-14,2023-05-14,1205,1.0,0.2701492537313433,0.036832677104679426,34.61244299970755,Low
Kwanyuswa,1,1,1,0,2023-05-14,2023-05-14,1205,1.0,0.2701492537313433,0.036832677104679426,34.61244299970755,Low
Kloof,1,1,1,0,2023-05-14,2023-05-14,1205,1.0,0.2701492537313433,0.036832677104679426,34.61244299970755,Low
Kwanqetho,1,1,1,0,2023-05-14,2023-05-14,1205,1.0,0.2701492537313433,0.036832677104679426,34.61244299970755,Low
KwaXimba,1,1,1,0,2023-05-14,2023-05-14,1205,1.0,0.2701492537313433,0.036832677104679426,34.61244299970755,Low
KwaNdengezi,1,1,1,0,2023-05-14,2023-05-14,1205,1.0,0.2701492537313433,0.036832677104679426,34.61244299970755,Low
Waterfall,1,1,1,0,2023-05-14,2023-05-14,1205,1.0,0.2701492537313433,0.036832677104679426,34.61244299970755,Low
Bothas Hill,1,1,1,0,2023-05-14,2023-05-14,1205,1.0,0.2701492537313433,0.036832677104679426,34.61244299970755,Low
Amatikwe,1,1,1,0,2023-05-14,2023-05-14,1205,1.0,0.2701492537313433,0.036832677104679426,34.61244299970755,Low
Inchanga,1,1,1,0,2023-05-14,2023-05-14,1205,1.0,0.2701492537313433,0.036832677104679426,34.61244299970755,Low
Mlaba Village,1,1,1,0,2023-05-14,2023-05-14,1205,1.0,0.2701492537313433,0.036832677104679426,34.61244299970755,Low
Georgedale,1,1,1,0,2023-05-14,2023-05-14,1205,1.0,0.2701492537313433,0.036832677104679426,34.61244299970755,Low
Mshazi,1,1,1,0,2023-05-14,2023-05-14,1205,1.0,0.2701492537313433,0.036832677104679426,34.61244299970755,Low
Molweni,1,1,1,0,2023-05-14,2023-05-14,1205,1.0,0.2701492537313433,0.036832677104679426,34.61244299970755,Low
Ntshongweni,1,1,1,0,2023-05-14,2023-05-14,1205,1.0,0.2701492537313433,0.036832677104679426,34.61244299970755,Low
Hillcrest,1,1,1,0,2023-05-14,2023-05-14,1205,1.0,0.2701492537313433,0.036832677104679426,34.61244299970755,Low
New Germany,1,1,1,0,2023-05-14,2023-05-14,1205,1.0,0.2701492537313433,0.036832677104679426,34.61244299970755,Low
Umhlathuzana,1,1,0,1,2026-01-25,2026-01-25,218,0.0,0.2701492537313433,0.5503172912170365,30.01698142307826,Low
Inanda New Town A,1,1,0,1,2025-05-06,2025-05-06,482,0.0,0.2701492537313433,0.26698896655347903,21.517131683171538,Low
Ntuzuma A,1,1,0,1,2025-05-06,2025-05-06,482,0.0,0.2701492537313433,0.26698896655347903,21.517131683171538,Low
Ntuzuma B,1,1,0,1,2025-05-06,2025-05-06,482,0.0,0.2701492537313433,0.26698896655347903,21.517131683171538,Low
Sowetho,1,1,0,1,2025-05-06,2025-05-06,482,0.0,0.2701492537313433,0.26698896655347903,21.517131683171538,Low
Ntuzuma G,1,1,0,1,2025-05-06,2025-05-06,482,0.0,0.2701492537313433,0.26698896655347903,21.517131683171538,Low
Ntuzuma F,1,1,0,1,2025-05-06,2025-05-06,482,0.0,0.2701492537313433,0.26698896655347903,21.517131683171538,Low
Ntuzuma H,1,1,0,1,2025-05-06,2025-05-06,482,0.0,0.2701492537313433,0.26698896655347903,21.517131683171538,Low
Inanda New Town C,1,1,0,1,2025-05-06,2025-05-06,482,0.0,0.2701492537313433,0.26698896655347903,21.517131683171538,Low
Inanda New Town B,1,1,0,1,2025-05-06,2025-05-06,482,0.0,0.2701492537313433,0.26698896655347903,21.517131683171538,Low
KwaMashu M-Section,1,1,0,1,2025-05-06,2025-05-06,482,0.0,0.2701492537313433,0.26698896655347903,21.517131683171538,Low
Inhlungwana,1,1,0,1,2025-05-06,2025-05-06,482,0.0,0.2701492537313433,0.26698896655347903,21.517131683171538,Low
Bester,1,1,0,1,2025-05-06,2025-05-06,482,0.0,0.2701492537313433,0.26698896655347903,21.517131683171538,Low
Mzomusha,1,1,0,1,2025-05-06,2025-05-06,482,0.0,0.2701492537313433,0.26698896655347903,21.517131683171538,Low
Ezimangweni,1,1,0,1,2025-05-06,2025-05-06,482,0.0,0.2701492537313433,0.26698896655347903,21.517131683171538,Low
Ntuzuma E,1,1,0,1,2025-05-06,2025-05-06,482,0.0,0.2701492537313433,0.26698896655347903,21.517131683171538,Low
Ntuzuma C,1,1,0,1,2025-05-06,2025-05-06,482,0.0,0.2701492537313433,0.26698896655347903,21.517131683171538,Low
Ntuzuma D,1,1,0,1,2025-05-06,2025-05-06,482,0.0,0.2701492537313433,0.26698896655347903,21.517131683171538,Low
Stonebridge,1,1,0,1,2024-10-23,2024-10-23,677,0.0,0.2701492537313433,0.156485093842977,18.202015501856476,Low
Southgate,1,1,0,1,2024-10-23,2024-10-23,677,0.0,0.2701492537313433,0.156485093842977,18.202015501856476,Low
Clayfield,1,1,0,1,2024-10-23,2024-10-23,677,0.0,0.2701492537313433,0.156485093842977,18.202015501856476,Low
Mount Edgecombe Hospital,1,1,0,1,2024-10-23,2024-10-23,677,0.0,0.2701492537313433,0.156485093842977,18.202015501856476,Low
Mount Edgecombe Estate,1,1,0,1,2024-10-23,2024-10-23,677,0.0,0.2701492537313433,0.156485093842977,18.202015501856476,Low
Broadland,1,1,0,1,2024-10-23,2024-10-23,677,0.0,0.2701492537313433,0.156485093842977,18.202015501856476,Low
Isipingo Beach,1,1,0,1,2024-10-01,2024-10-01,699,0.0,0.2701492537313433,0.14733174102542576,17.927414917329937,Low
Isipingo Hills,1,1,0,1,2024-10-01,2024-10-01,699,0.0,0.2701492537313433,0.14733174102542576,17.927414917329937,Low
Isipingo Rail,1,1,0,1,2024-10-01,2024-10-01,699,0.0,0.2701492537313433,0.14733174102542576,17.927414917329937,Low
Berea,1,1,0,1,2024-04-15,2024-04-15,868,0.0,0.2701492537313433,0.09272824207741176,16.289309948889517,Low
Lamontville,1,1,0,1,2024-04-15,2024-04-15,868,0.0,0.2701492537313433,0.09272824207741176,16.289309948889517,Low
Glenwood,1,1,0,1,2024-04-15,2024-04-15,868,0.0,0.2701492537313433,0.09272824207741176,16.289309948889517,Low
Prince Mshiyeni Hospital,1,1,0,1,2024-04-15,2024-04-15,868,0.0,0.2701492537313433,0.09272824207741176,16.289309948889517,Low
Overport,1,1,0,1,2024-04-15,2024-04-15,868,0.0,0.2701492537313433,0.09272824207741176,16.289309948889517,Low
Carrington Heights,1,1,0,1,2024-04-15,2024-04-15,868,0.0,0.2701492537313433,0.09272824207741176,16.289309948889517,Low
Woodhaven,1,1,0,1,2024-04-15,2024-04-15,868,0.0,0.2701492537313433,0.09272824207741176,16.289309948889517,Low
